JUSTICE PROGRAM - CASE REGISTRY,,,,,,,,,,
,,,,,,,,,,
Case ID,Date Opened,Region,Zone,Woreda,Case Type,Status,Gender,Age Group,Provider,Satisfaction
JP-2025-00001,2025-02-27,Tigray,Mekelle,Woreda-12,Human Rights,Resolved,Male,18-24,NGO Partner,5
JP-2025-00002,2025-10-30,Amhara,South Gondar,Woreda-1,Land Dispute,Resolved,Male,60+,NGO Partner,1
JP-2025-00003,2025-04-12,Tigray,Eastern Tigray,Woreda-4,Human Rights,Resolved,Male,25-34,NGO Partner,4
JP-2025-00004,2025-05-23,Oromia,Jimma,Woreda-4,Human Rights,Resolved,Female,18-24,Justice Center B,3
JP-2025-00005,2025-05-16,Tigray,Mekelle,Woreda-12,Human Rights,Resolved,Female,18-24,NGO Partner,3
JP-2025-00006,2025-11-13,Tigray,Eastern Tigray,Woreda-10,Land Dispute,Resolved,Male,25-34,Justice Center B,1
JP-2025-00007,2026-03-20,Amhara,North Wollo,Woreda-7,Human Rights,Resolved,Female,25-34,Justice Center B,3
JP-2025-00008,2025-12-10,Amhara,South Gondar,Woreda-12,Domestic,Resolved,Male,60+,NGO Partner,2
JP-2025-00009,2025-08-25,Amhara,South Gondar,Woreda-5,Domestic,Resolved,Male,35-44,Justice Center A,2
JP-2025-00010,2026-02-17,Amhara,South Gondar,Woreda-7,Human Rights,Resolved,Female,25-34,NGO Partner,4
JP-2025-00011,2026-03-29,Oromia,East Shewa,Woreda-3,Human Rights,Resolved,Female,60+,Justice Center B,5
JP-2025-00012,2025-07-05,Oromia,Jimma,Woreda-3,Domestic,Resolved,Male,18-24,Justice Center A,2
JP-2025-00013,2025-08-05,Tigray,Mekelle,Woreda-7,Human Rights,Resolved,Female,60+,Justice Center B,5
JP-2025-00014,2025-12-15,Amhara,North Wollo,Woreda-11,Domestic,Pending,Female,18-24,Justice Center B,4
JP-2025-00015,2025-08-21,Amhara,North Wollo,Woreda-12,Domestic,Resolved,Male,60+,Justice Center A,3
JP-2025-00016,2025-09-17,Tigray,Mekelle,Woreda-3,Human Rights,Pending,Male,60+,Justice Center B,4
JP-2025-00017,2025-02-27,Amhara,South Gondar,Woreda-5,Land Dispute,Resolved,Male,18-24,NGO Partner,4
JP-2025-00018,2026-05-16,Amhara,North Wollo,Woreda-3,Domestic,Resolved,Male,35-44,NGO Partner,5
JP-2025-00019,2026-05-09,Oromia,Jimma,Woreda-9,Domestic,Resolved,Female,45-59,NGO Partner,3
JP-2025-00020,2026-04-06,Oromia,East Shewa,Woreda-2,Land Dispute,Resolved,Female,18-24,NGO Partner,5
JP-2025-00021,2025-10-29,Amhara,North Wollo,Woreda-1,Land Dispute,Resolved,Male,25-34,Justice Center A,1
JP-2025-00022,2025-02-06,Oromia,Jimma,Woreda-5,Domestic,Resolved,Male,60+,NGO Partner,4
JP-2025-00023,2026-02-06,Amhara,South Gondar,Woreda-7,Land Dispute,Resolved,Female,35-44,Justice Center B,4
JP-2025-00024,2026-03-19,Oromia,Jimma,Woreda-11,Domestic,Pending,Male,18-24,Justice Center B,3
JP-2025-00025,2025-05-08,Amhara,North Wollo,Woreda-4,Domestic,Resolved,Female,25-34,Justice Center B,4
JP-2025-00026,2026-03-24,Amhara,North Wollo,Woreda-8,Domestic,Resolved,Male,18-24,Justice Center A,2
JP-2025-00027,2025-09-06,Oromia,East Shewa,Woreda-4,Human Rights,Pending,Male,45-59,Justice Center A,4
JP-2025-00028,2026-04-20,Oromia,East Shewa,Woreda-5,Human Rights,Resolved,Female,25-34,Justice Center A,3
JP-2025-00029,2026-05-11,Amhara,North Wollo,Woreda-10,Domestic,Resolved,Female,18-24,Justice Center A,5
JP-2025-00030,2025-09-15,Oromia,Jimma,Woreda-1,Domestic,Resolved,Male,18-24,NGO Partner,1
JP-2025-00031,2026-03-18,Tigray,Mekelle,Woreda-7,Land Dispute,Pending,Male,60+,NGO Partner,1
JP-2025-00032,2025-02-11,Tigray,Eastern Tigray,Woreda-11,Domestic,Resolved,Female,35-44,Justice Center A,3
JP-2025-00033,2025-05-16,Amhara,South Gondar,Woreda-3,Domestic,Resolved,Female,35-44,Justice Center A,1
JP-2025-00034,2025-11-15,Oromia,Jimma,Woreda-2,Domestic,Resolved,Female,25-34,Justice Center B,1
JP-2025-00035,2025-07-09,Amhara,South Gondar,Woreda-3,Human Rights,Pending,Female,60+,NGO Partner,5
JP-2025-00036,2025-12-08,Amhara,South Gondar,Woreda-11,Land Dispute,Pending,Male,35-44,Justice Center A,1
JP-2025-00037,2025-10-11,Tigray,Mekelle,Woreda-5,Human Rights,Resolved,Female,25-34,NGO Partner,3
JP-2025-00038,2025-09-08,Tigray,Eastern Tigray,Woreda-1,Land Dispute,Resolved,Female,18-24,Justice Center A,3
JP-2025-00039,2025-11-23,Amhara,South Gondar,Woreda-3,Domestic,Resolved,Female,60+,Justice Center A,1
JP-2025-00040,2026-04-29,Amhara,North Wollo,Woreda-9,Land Dispute,Pending,Male,45-59,Justice Center A,1
JP-2025-00041,2025-07-06,Oromia,Jimma,Woreda-6,Land Dispute,Resolved,Male,35-44,NGO Partner,4
JP-2025-00042,2026-01-19,Tigray,Mekelle,Woreda-4,Land Dispute,Pending,Male,45-59,Justice Center A,2
JP-2025-00043,2026-04-19,Tigray,Eastern Tigray,Woreda-7,Domestic,Pending,Male,35-44,Justice Center A,1
JP-2025-00044,2026-03-23,Oromia,Jimma,Woreda-8,Land Dispute,Resolved,Female,35-44,Justice Center B,2
JP-2025-00045,2025-01-13,Amhara,North Wollo,Woreda-7,Human Rights,Resolved,Male,35-44,Justice Center B,5
JP-2025-00046,2025-12-14,Oromia,East Shewa,Woreda-1,Land Dispute,Pending,Female,25-34,NGO Partner,3
JP-2025-00047,2025-02-25,Amhara,South Gondar,Woreda-6,Domestic,Pending,Female,60+,NGO Partner,1
JP-2025-00048,2026-04-06,Oromia,Jimma,Woreda-5,Land Dispute,Resolved,Male,60+,NGO Partner,2
JP-2025-00049,2025-08-09,Oromia,Jimma,Woreda-11,Human Rights,Resolved,Male,35-44,NGO Partner,3
JP-2025-00050,2025-07-29,Tigray,Eastern Tigray,Woreda-7,Domestic,Resolved,Male,25-34,Justice Center B,4
JP-2025-00051,2026-01-19,Tigray,Mekelle,Woreda-10,Domestic,Resolved,Male,35-44,Justice Center B,2
JP-2025-00052,2026-02-07,Oromia,East Shewa,Woreda-8,Human Rights,Resolved,Male,60+,Justice Center B,2
JP-2025-00053,2025-02-13,Tigray,Eastern Tigray,Woreda-9,Domestic,Resolved,Female,18-24,Justice Center A,3
JP-2025-00054,2026-02-17,Amhara,North Wollo,Woreda-3,Land Dispute,Resolved,Female,60+,Justice Center A,4
JP-2025-00055,2026-03-30,Oromia,Jimma,Woreda-12,Domestic,Resolved,Female,25-34,Justice Center A,1
JP-2025-00056,2026-02-03,Amhara,South Gondar,Woreda-4,Land Dispute,Pending,Female,18-24,NGO Partner,2
JP-2025-00057,2025-08-22,Amhara,North Wollo,Woreda-8,Domestic,Resolved,Female,45-59,NGO Partner,5
JP-2025-00058,2026-03-02,Oromia,East Shewa,Woreda-3,Domestic,Pending,Female,35-44,Justice Center A,3
JP-2025-00059,2025-09-06,Tigray,Mekelle,Woreda-5,Human Rights,Resolved,Female,25-34,Justice Center B,3
JP-2025-00060,2026-04-03,Oromia,Jimma,Woreda-3,Land Dispute,Resolved,Male,25-34,Justice Center A,4
JP-2025-00061,2025-06-19,Oromia,East Shewa,Woreda-7,Land Dispute,Resolved,Female,45-59,NGO Partner,1
JP-2025-00062,2025-07-14,Tigray,Eastern Tigray,Woreda-1,Human Rights,Resolved,Female,45-59,NGO Partner,5
JP-2025-00063,2026-04-05,Tigray,Mekelle,Woreda-8,Land Dispute,Resolved,Female,18-24,Justice Center B,3
JP-2025-00064,2025-12-14,Tigray,Eastern Tigray,Woreda-12,Land Dispute,Pending,Male,60+,NGO Partner,1
JP-2025-00065,2025-10-31,Oromia,Jimma,Woreda-2,Domestic,Resolved,Female,25-34,Justice Center A,3
JP-2025-00066,2025-06-17,Oromia,Jimma,Woreda-8,Human Rights,Resolved,Female,35-44,Justice Center B,3
JP-2025-00067,2025-08-29,Amhara,North Wollo,Woreda-12,Domestic,Resolved,Female,25-34,NGO Partner,1
JP-2025-00068,2025-01-21,Tigray,Mekelle,Woreda-4,Land Dispute,Pending,Male,25-34,Justice Center A,4
JP-2025-00069,2025-02-28,Tigray,Mekelle,Woreda-8,Domestic,Resolved,Female,25-34,NGO Partner,5
JP-2025-00070,2026-01-03,Tigray,Mekelle,Woreda-3,Human Rights,Resolved,Male,35-44,NGO Partner,4
JP-2025-00071,2026-04-28,Oromia,Jimma,Woreda-2,Domestic,Resolved,Male,18-24,NGO Partner,3
JP-2025-00072,2025-11-04,Tigray,Mekelle,Woreda-10,Land Dispute,Resolved,Female,35-44,Justice Center A,5
JP-2025-00073,2025-06-24,Tigray,Mekelle,Woreda-7,Human Rights,Resolved,Female,45-59,NGO Partner,2
JP-2025-00074,2025-04-01,Oromia,East Shewa,Woreda-10,Domestic,Pending,Female,45-59,NGO Partner,5
JP-2025-00075,2025-06-15,Oromia,Jimma,Woreda-2,Human Rights,Pending,Male,45-59,NGO Partner,5
JP-2025-00076,2025-07-14,Tigray,Eastern Tigray,Woreda-1,Human Rights,Pending,Male,45-59,Justice Center A,3
JP-2025-00077,2025-06-24,Oromia,East Shewa,Woreda-10,Domestic,Pending,Male,60+,Justice Center A,1
JP-2025-00078,2026-01-04,Amhara,South Gondar,Woreda-8,Domestic,Pending,Female,45-59,Justice Center B,1
JP-2025-00079,2025-05-31,Amhara,North Wollo,Woreda-7,Domestic,Resolved,Female,45-59,NGO Partner,5
JP-2025-00080,2025-08-06,Oromia,East Shewa,Woreda-6,Domestic,Resolved,Female,35-44,Justice Center A,1
JP-2025-00081,2025-04-09,Tigray,Eastern Tigray,Woreda-2,Domestic,Resolved,Male,25-34,Justice Center A,4
JP-2025-00082,2026-01-06,Oromia,East Shewa,Woreda-2,Land Dispute,Resolved,Female,25-34,Justice Center B,1
JP-2025-00083,2025-10-01,Tigray,Mekelle,Woreda-5,Land Dispute,Pending,Female,25-34,NGO Partner,4
JP-2025-00084,2026-03-23,Amhara,North Wollo,Woreda-10,Human Rights,Resolved,Female,35-44,Justice Center A,1
JP-2025-00085,2026-04-27,Oromia,East Shewa,Woreda-2,Land Dispute,Resolved,Male,60+,NGO Partner,1
JP-2025-00086,2025-03-18,Amhara,South Gondar,Woreda-2,Land Dispute,Resolved,Female,60+,NGO Partner,5
JP-2025-00087,2026-02-02,Amhara,South Gondar,Woreda-8,Human Rights,Resolved,Female,35-44,NGO Partner,5
JP-2025-00088,2025-11-09,Amhara,North Wollo,Woreda-4,Domestic,Resolved,Male,25-34,Justice Center A,2
JP-2025-00089,2025-02-08,Tigray,Mekelle,Woreda-1,Human Rights,Resolved,Female,35-44,Justice Center A,2
JP-2025-00090,2025-12-28,Oromia,East Shewa,Woreda-12,Human Rights,Resolved,Male,35-44,NGO Partner,5
JP-2025-00091,2026-02-16,Tigray,Mekelle,Woreda-7,Land Dispute,Resolved,Male,35-44,Justice Center A,1
JP-2025-00092,2025-03-26,Amhara,South Gondar,Woreda-10,Domestic,Pending,Female,45-59,Justice Center A,4
JP-2025-00093,2025-06-05,Tigray,Eastern Tigray,Woreda-5,Domestic,Resolved,Female,18-24,NGO Partner,1
JP-2025-00094,2026-01-12,Oromia,East Shewa,Woreda-10,Human Rights,Resolved,Male,60+,NGO Partner,1
JP-2025-00095,2026-02-25,Tigray,Eastern Tigray,Woreda-10,Land Dispute,Pending,Male,45-59,NGO Partner,4
JP-2025-00096,2025-04-03,Oromia,East Shewa,Woreda-11,Human Rights,Pending,Female,35-44,Justice Center B,3
JP-2025-00097,2025-12-10,Oromia,Jimma,Woreda-3,Human Rights,Resolved,Female,35-44,NGO Partner,4
JP-2025-00098,2025-01-19,Tigray,Eastern Tigray,Woreda-2,Human Rights,Resolved,Male,45-59,NGO Partner,1
JP-2025-00099,2026-03-22,Tigray,Eastern Tigray,Woreda-7,Land Dispute,Resolved,Female,60+,Justice Center B,4
JP-2025-00100,2025-04-15,Amhara,South Gondar,Woreda-9,Land Dispute,Pending,Female,45-59,Justice Center A,1
JP-2025-00101,2025-11-08,Tigray,Mekelle,Woreda-12,Land Dispute,Resolved,Male,60+,Justice Center B,1
JP-2025-00102,2026-03-07,Amhara,North Wollo,Woreda-8,Land Dispute,Resolved,Male,45-59,NGO Partner,3
JP-2025-00103,2025-12-28,Tigray,Eastern Tigray,Woreda-7,Human Rights,Pending,Male,45-59,NGO Partner,2
JP-2025-00104,2025-04-08,Oromia,Jimma,Woreda-2,Human Rights,Pending,Female,35-44,NGO Partner,3
JP-2025-00105,2025-05-25,Amhara,South Gondar,Woreda-10,Domestic,Pending,Female,25-34,Justice Center B,5
JP-2025-00106,2025-06-26,Oromia,East Shewa,Woreda-9,Domestic,Resolved,Female,25-34,NGO Partner,2
JP-2025-00107,2025-07-16,Tigray,Mekelle,Woreda-7,Land Dispute,Resolved,Female,45-59,Justice Center B,2
JP-2025-00108,2026-05-09,Oromia,Jimma,Woreda-3,Domestic,Pending,Female,18-24,Justice Center B,1
JP-2025-00109,2026-04-12,Tigray,Eastern Tigray,Woreda-1,Domestic,Resolved,Male,18-24,Justice Center B,3
JP-2025-00110,2025-11-16,Oromia,East Shewa,Woreda-11,Land Dispute,Pending,Female,35-44,NGO Partner,4
JP-2025-00111,2025-01-19,Tigray,Mekelle,Woreda-4,Domestic,Resolved,Female,25-34,NGO Partner,1
JP-2025-00112,2026-05-16,Oromia,Jimma,Woreda-11,Domestic,Pending,Female,25-34,NGO Partner,3
JP-2025-00113,2025-01-24,Amhara,South Gondar,Woreda-1,Human Rights,Resolved,Female,25-34,Justice Center A,5
JP-2025-00114,2025-10-17,Oromia,Jimma,Woreda-3,Land Dispute,Resolved,Female,60+,NGO Partner,2
JP-2025-00115,2026-04-13,Oromia,Jimma,Woreda-4,Human Rights,Resolved,Female,35-44,NGO Partner,1
JP-2025-00116,2026-04-07,Oromia,East Shewa,Woreda-11,Domestic,Resolved,Female,35-44,NGO Partner,3
JP-2025-00117,2026-05-08,Tigray,Eastern Tigray,Woreda-12,Human Rights,Resolved,Female,25-34,Justice Center B,4
JP-2025-00118,2025-05-02,Amhara,South Gondar,Woreda-10,Human Rights,Resolved,Female,18-24,NGO Partner,4
JP-2025-00119,2025-01-05,Oromia,Jimma,Woreda-10,Domestic,Resolved,Female,25-34,NGO Partner,3
JP-2025-00120,2025-11-22,Amhara,North Wollo,Woreda-10,Human Rights,Resolved,Male,18-24,NGO Partner,1
JP-2025-00121,2026-02-08,Oromia,East Shewa,Woreda-1,Domestic,Resolved,Male,18-24,Justice Center B,3
JP-2025-00122,2025-08-01,Tigray,Mekelle,Woreda-4,Land Dispute,Pending,Female,60+,NGO Partner,3
JP-2025-00123,2025-05-12,Amhara,South Gondar,Woreda-5,Domestic,Pending,Male,45-59,Justice Center A,2
JP-2025-00124,2026-03-17,Amhara,South Gondar,Woreda-9,Human Rights,Resolved,Female,18-24,Justice Center B,5
JP-2025-00125,2025-08-21,Amhara,South Gondar,Woreda-11,Domestic,Resolved,Female,35-44,Justice Center A,2
JP-2025-00126,2025-01-13,Oromia,East Shewa,Woreda-10,Land Dispute,Resolved,Female,35-44,NGO Partner,4
JP-2025-00127,2025-03-13,Amhara,North Wollo,Woreda-1,Human Rights,Pending,Male,18-24,Justice Center A,5
JP-2025-00128,2025-07-18,Amhara,South Gondar,Woreda-6,Domestic,Pending,Female,60+,NGO Partner,2
JP-2025-00129,2025-12-02,Oromia,Jimma,Woreda-8,Domestic,Resolved,Female,18-24,NGO Partner,3
JP-2025-00130,2025-08-16,Amhara,South Gondar,Woreda-4,Human Rights,Resolved,Female,60+,NGO Partner,3
JP-2025-00131,2025-07-23,Amhara,South Gondar,Woreda-4,Land Dispute,Pending,Female,18-24,NGO Partner,2
JP-2025-00132,2025-11-24,Tigray,Mekelle,Woreda-1,Human Rights,Resolved,Male,60+,Justice Center A,1
JP-2025-00133,2025-04-17,Tigray,Mekelle,Woreda-4,Human Rights,Pending,Male,35-44,Justice Center A,2
JP-2025-00134,2025-05-09,Tigray,Mekelle,Woreda-2,Domestic,Pending,Male,18-24,Justice Center B,2
JP-2025-00135,2025-06-15,Tigray,Mekelle,Woreda-3,Human Rights,Resolved,Female,60+,Justice Center A,1
JP-2025-00136,2025-08-18,Oromia,East Shewa,Woreda-9,Domestic,Resolved,Male,60+,Justice Center A,5
JP-2025-00137,2025-08-23,Oromia,Jimma,Woreda-1,Human Rights,Pending,Female,18-24,Justice Center B,4
JP-2025-00138,2026-04-06,Amhara,North Wollo,Woreda-6,Domestic,Resolved,Male,35-44,NGO Partner,5
JP-2025-00139,2025-12-31,Tigray,Eastern Tigray,Woreda-7,Domestic,Resolved,Female,60+,NGO Partner,4
JP-2025-00140,2026-02-11,Amhara,North Wollo,Woreda-11,Domestic,Pending,Male,45-59,Justice Center B,2
JP-2025-00141,2025-06-23,Oromia,East Shewa,Woreda-7,Human Rights,Resolved,Female,45-59,Justice Center B,3
JP-2025-00142,2026-05-04,Oromia,Jimma,Woreda-11,Human Rights,Resolved,Male,18-24,Justice Center B,1
JP-2025-00143,2026-01-14,Tigray,Eastern Tigray,Woreda-3,Domestic,Resolved,Female,18-24,Justice Center B,3
JP-2025-00144,2026-04-27,Tigray,Eastern Tigray,Woreda-12,Land Dispute,Pending,Female,35-44,Justice Center A,5
JP-2025-00145,2025-04-19,Tigray,Mekelle,Woreda-11,Human Rights,Resolved,Male,35-44,NGO Partner,3
JP-2025-00146,2026-01-26,Amhara,South Gondar,Woreda-10,Land Dispute,Pending,Male,60+,NGO Partner,3
JP-2025-00147,2025-04-03,Amhara,South Gondar,Woreda-12,Human Rights,Pending,Female,18-24,Justice Center A,2
JP-2025-00148,2025-12-03,Tigray,Eastern Tigray,Woreda-2,Land Dispute,Resolved,Male,18-24,NGO Partner,5
JP-2025-00149,2025-07-12,Amhara,South Gondar,Woreda-8,Human Rights,Resolved,Female,35-44,NGO Partner,5
JP-2025-00150,2026-03-29,Amhara,North Wollo,Woreda-3,Land Dispute,Pending,Male,18-24,Justice Center B,4
JP-2025-00151,2025-08-06,Tigray,Eastern Tigray,Woreda-10,Human Rights,Resolved,Male,60+,Justice Center A,3
JP-2025-00152,2025-02-26,Oromia,East Shewa,Woreda-11,Domestic,Resolved,Female,18-24,Justice Center A,4
JP-2025-00153,2025-01-29,Tigray,Mekelle,Woreda-4,Human Rights,Pending,Male,35-44,Justice Center B,3
JP-2025-00154,2025-01-04,Amhara,South Gondar,Woreda-12,Human Rights,Resolved,Female,60+,NGO Partner,2
JP-2025-00155,2025-10-14,Tigray,Eastern Tigray,Woreda-2,Human Rights,Pending,Male,45-59,Justice Center A,4
JP-2025-00156,2026-03-18,Amhara,South Gondar,Woreda-10,Human Rights,Resolved,Female,35-44,Justice Center A,4
JP-2025-00157,2026-05-10,Amhara,South Gondar,Woreda-3,Domestic,Resolved,Female,18-24,Justice Center B,1
JP-2025-00158,2025-08-12,Amhara,South Gondar,Woreda-9,Land Dispute,Resolved,Female,35-44,Justice Center A,3
JP-2025-00159,2025-02-09,Amhara,North Wollo,Woreda-9,Domestic,Resolved,Female,35-44,NGO Partner,2
JP-2025-00160,2025-02-22,Amhara,North Wollo,Woreda-5,Land Dispute,Resolved,Male,18-24,Justice Center A,4
JP-2025-00161,2026-01-22,Oromia,East Shewa,Woreda-11,Domestic,Resolved,Female,35-44,Justice Center A,4
JP-2025-00162,2025-08-29,Amhara,South Gondar,Woreda-11,Human Rights,Pending,Male,35-44,NGO Partner,1
JP-2025-00163,2025-08-25,Oromia,East Shewa,Woreda-1,Land Dispute,Resolved,Female,18-24,NGO Partner,1
JP-2025-00164,2025-11-01,Tigray,Eastern Tigray,Woreda-8,Domestic,Resolved,Male,45-59,NGO Partner,2
JP-2025-00165,2025-11-06,Oromia,East Shewa,Woreda-9,Land Dispute,Pending,Female,18-24,Justice Center B,1
JP-2025-00166,2025-11-27,Tigray,Mekelle,Woreda-1,Land Dispute,Resolved,Female,60+,NGO Partner,5
JP-2025-00167,2025-07-06,Amhara,South Gondar,Woreda-5,Human Rights,Resolved,Female,60+,Justice Center A,3
JP-2025-00168,2025-06-18,Amhara,North Wollo,Woreda-9,Domestic,Resolved,Female,60+,Justice Center A,3
JP-2025-00169,2025-10-26,Amhara,North Wollo,Woreda-6,Human Rights,Pending,Female,25-34,NGO Partner,1
JP-2025-00170,2025-10-14,Oromia,East Shewa,Woreda-11,Human Rights,Pending,Male,45-59,NGO Partner,3
JP-2025-00171,2025-07-05,Amhara,South Gondar,Woreda-3,Land Dispute,Resolved,Female,25-34,Justice Center A,2
JP-2025-00172,2025-02-09,Amhara,South Gondar,Woreda-2,Domestic,Pending,Male,35-44,NGO Partner,2
JP-2025-00173,2025-07-12,Tigray,Mekelle,Woreda-3,Land Dispute,Pending,Male,45-59,Justice Center A,4
JP-2025-00174,2025-12-13,Oromia,Jimma,Woreda-8,Domestic,Resolved,Female,25-34,NGO Partner,2
JP-2025-00175,2026-05-10,Oromia,East Shewa,Woreda-4,Human Rights,Resolved,Female,45-59,Justice Center B,4
JP-2025-00176,2025-09-28,Tigray,Eastern Tigray,Woreda-3,Land Dispute,Pending,Male,35-44,Justice Center A,4
JP-2025-00177,2025-10-11,Oromia,Jimma,Woreda-12,Domestic,Pending,Female,18-24,Justice Center A,3
JP-2025-00178,2026-04-09,Oromia,Jimma,Woreda-7,Land Dispute,Pending,Male,45-59,Justice Center B,1
JP-2025-00179,2025-01-28,Oromia,East Shewa,Woreda-9,Human Rights,Resolved,Male,35-44,Justice Center A,1
JP-2025-00180,2026-04-22,Oromia,Jimma,Woreda-12,Domestic,Resolved,Male,25-34,Justice Center A,3
JP-2025-00181,2025-12-23,Oromia,Jimma,Woreda-12,Human Rights,Resolved,Male,18-24,Justice Center A,3
JP-2025-00182,2026-03-04,Amhara,North Wollo,Woreda-9,Domestic,Resolved,Female,18-24,Justice Center B,2
JP-2025-00183,2025-03-04,Oromia,Jimma,Woreda-4,Human Rights,Resolved,Female,18-24,Justice Center A,4
JP-2025-00184,2025-10-02,Tigray,Mekelle,Woreda-11,Domestic,Resolved,Male,35-44,Justice Center B,1
JP-2025-00185,2025-06-30,Tigray,Mekelle,Woreda-10,Human Rights,Resolved,Male,60+,Justice Center B,1
JP-2025-00186,2025-10-06,Tigray,Mekelle,Woreda-7,Human Rights,Resolved,Female,35-44,Justice Center B,1
JP-2025-00187,2026-02-08,Oromia,Jimma,Woreda-6,Land Dispute,Resolved,Male,60+,NGO Partner,3
JP-2025-00188,2025-01-23,Amhara,South Gondar,Woreda-9,Human Rights,Pending,Male,45-59,NGO Partner,4
JP-2025-00189,2025-04-04,Tigray,Mekelle,Woreda-2,Domestic,Pending,Female,18-24,Justice Center B,2
JP-2025-00190,2026-02-10,Amhara,North Wollo,Woreda-1,Human Rights,Pending,Female,60+,Justice Center B,3
JP-2025-00191,2026-01-21,Amhara,North Wollo,Woreda-5,Human Rights,Pending,Male,35-44,Justice Center B,1
JP-2025-00192,2025-08-12,Oromia,East Shewa,Woreda-12,Human Rights,Pending,Female,35-44,Justice Center A,4
JP-2025-00193,2025-09-12,Tigray,Eastern Tigray,Woreda-9,Human Rights,Pending,Female,18-24,Justice Center B,5
JP-2025-00194,2025-10-07,Amhara,South Gondar,Woreda-6,Land Dispute,Resolved,Female,35-44,Justice Center B,5
JP-2025-00195,2025-08-07,Tigray,Mekelle,Woreda-12,Human Rights,Resolved,Male,35-44,NGO Partner,4
JP-2025-00196,2025-11-24,Oromia,Jimma,Woreda-2,Domestic,Resolved,Female,60+,NGO Partner,2
JP-2025-00197,2025-03-15,Amhara,South Gondar,Woreda-1,Land Dispute,Resolved,Female,35-44,Justice Center B,5
JP-2025-00198,2025-11-06,Amhara,North Wollo,Woreda-11,Human Rights,Pending,Female,45-59,Justice Center A,5
JP-2025-00199,2025-09-29,Amhara,South Gondar,Woreda-7,Human Rights,Resolved,Male,18-24,Justice Center A,2
JP-2025-00200,2025-09-23,Oromia,East Shewa,Woreda-9,Land Dispute,Resolved,Female,45-59,Justice Center A,5
JP-2025-00201,2025-12-22,Oromia,East Shewa,Woreda-4,Land Dispute,Resolved,Male,45-59,Justice Center A,4
JP-2025-00202,2026-02-19,Amhara,South Gondar,Woreda-11,Human Rights,Resolved,Female,35-44,Justice Center A,2
JP-2025-00203,2025-09-18,Oromia,Jimma,Woreda-2,Land Dispute,Pending,Male,45-59,Justice Center A,3
JP-2025-00204,2025-10-21,Tigray,Eastern Tigray,Woreda-8,Domestic,Resolved,Male,18-24,Justice Center B,4
JP-2025-00205,2026-01-04,Tigray,Eastern Tigray,Woreda-9,Human Rights,Pending,Male,25-34,Justice Center B,1
JP-2025-00206,2025-08-27,Oromia,East Shewa,Woreda-3,Domestic,Resolved,Male,25-34,Justice Center B,5
JP-2025-00207,2026-03-02,Amhara,North Wollo,Woreda-9,Land Dispute,Resolved,Male,35-44,NGO Partner,2
JP-2025-00208,2026-05-01,Oromia,East Shewa,Woreda-2,Human Rights,Resolved,Female,25-34,NGO Partner,3
JP-2025-00209,2025-10-01,Tigray,Mekelle,Woreda-9,Domestic,Resolved,Male,25-34,NGO Partner,5
JP-2025-00210,2026-04-07,Tigray,Eastern Tigray,Woreda-10,Land Dispute,Pending,Male,18-24,Justice Center A,5
JP-2025-00211,2025-11-30,Oromia,Jimma,Woreda-10,Human Rights,Resolved,Male,45-59,NGO Partner,5
JP-2025-00212,2025-11-25,Oromia,East Shewa,Woreda-8,Land Dispute,Pending,Female,35-44,Justice Center B,1
JP-2025-00213,2025-01-31,Tigray,Mekelle,Woreda-8,Human Rights,Resolved,Male,35-44,NGO Partner,2
JP-2025-00214,2026-03-18,Oromia,East Shewa,Woreda-12,Human Rights,Pending,Male,35-44,NGO Partner,5
JP-2025-00215,2025-06-13,Amhara,North Wollo,Woreda-8,Land Dispute,Resolved,Male,25-34,Justice Center A,1
JP-2025-00216,2026-04-30,Oromia,East Shewa,Woreda-10,Human Rights,Resolved,Male,35-44,NGO Partner,3
JP-2025-00217,2026-01-26,Amhara,North Wollo,Woreda-8,Domestic,Resolved,Female,45-59,Justice Center A,1
JP-2025-00218,2025-09-16,Oromia,East Shewa,Woreda-4,Land Dispute,Resolved,Male,18-24,Justice Center B,4
JP-2025-00219,2026-03-28,Tigray,Eastern Tigray,Woreda-5,Domestic,Resolved,Male,45-59,Justice Center A,3
JP-2025-00220,2025-07-07,Tigray,Eastern Tigray,Woreda-6,Land Dispute,Resolved,Male,35-44,NGO Partner,3
JP-2025-00221,2025-07-17,Amhara,South Gondar,Woreda-9,Human Rights,Pending,Male,25-34,Justice Center A,4
JP-2025-00222,2026-02-11,Oromia,East Shewa,Woreda-9,Human Rights,Pending,Male,60+,NGO Partner,4
JP-2025-00223,2025-01-21,Tigray,Mekelle,Woreda-1,Land Dispute,Resolved,Female,60+,Justice Center B,2
JP-2025-00224,2026-04-03,Tigray,Mekelle,Woreda-6,Domestic,Resolved,Female,60+,NGO Partner,3
JP-2025-00225,2025-06-22,Tigray,Eastern Tigray,Woreda-12,Domestic,Resolved,Male,35-44,Justice Center B,1
JP-2025-00226,2025-10-26,Oromia,East Shewa,Woreda-12,Domestic,Resolved,Female,35-44,NGO Partner,5
JP-2025-00227,2025-04-27,Tigray,Mekelle,Woreda-10,Human Rights,Resolved,Female,25-34,NGO Partner,2
JP-2025-00228,2025-10-21,Amhara,North Wollo,Woreda-4,Land Dispute,Resolved,Female,25-34,Justice Center B,2
JP-2025-00229,2025-09-14,Oromia,East Shewa,Woreda-12,Domestic,Resolved,Male,60+,Justice Center A,5
JP-2025-00230,2025-12-06,Oromia,East Shewa,Woreda-9,Human Rights,Resolved,Male,45-59,NGO Partner,3
JP-2025-00231,2025-07-01,Tigray,Eastern Tigray,Woreda-10,Human Rights,Resolved,Male,35-44,NGO Partner,3
JP-2025-00232,2026-04-28,Amhara,South Gondar,Woreda-5,Domestic,Resolved,Female,35-44,Justice Center B,3
JP-2025-00233,2026-04-24,Tigray,Eastern Tigray,Woreda-5,Land Dispute,Resolved,Female,45-59,Justice Center B,2
JP-2025-00234,2025-01-22,Oromia,East Shewa,Woreda-12,Land Dispute,Resolved,Female,35-44,NGO Partner,4
JP-2025-00235,2025-04-14,Amhara,South Gondar,Woreda-9,Domestic,Resolved,Male,60+,NGO Partner,5
JP-2025-00236,2025-05-05,Amhara,North Wollo,Woreda-11,Domestic,Resolved,Male,18-24,Justice Center A,4
JP-2025-00237,2026-01-03,Oromia,East Shewa,Woreda-2,Domestic,Pending,Male,60+,Justice Center A,4
JP-2025-00238,2026-04-24,Tigray,Eastern Tigray,Woreda-8,Domestic,Resolved,Female,35-44,Justice Center B,1
JP-2025-00239,2025-11-30,Amhara,North Wollo,Woreda-9,Domestic,Resolved,Male,25-34,Justice Center B,2
JP-2025-00240,2026-03-05,Amhara,South Gondar,Woreda-8,Land Dispute,Pending,Female,18-24,Justice Center A,3
JP-2025-00241,2025-11-05,Tigray,Mekelle,Woreda-6,Human Rights,Resolved,Female,25-34,NGO Partner,4
JP-2025-00242,2025-04-09,Oromia,Jimma,Woreda-6,Land Dispute,Resolved,Female,25-34,Justice Center A,3
JP-2025-00243,2025-10-18,Oromia,Jimma,Woreda-3,Domestic,Pending,Female,45-59,NGO Partner,3
JP-2025-00244,2025-07-25,Amhara,North Wollo,Woreda-3,Land Dispute,Resolved,Male,18-24,Justice Center B,4
JP-2025-00245,2025-08-17,Amhara,South Gondar,Woreda-6,Human Rights,Resolved,Male,35-44,NGO Partner,3
JP-2025-00246,2025-05-01,Tigray,Mekelle,Woreda-11,Land Dispute,Resolved,Male,45-59,NGO Partner,5
JP-2025-00247,2026-01-30,Tigray,Eastern Tigray,Woreda-12,Land Dispute,Resolved,Female,35-44,NGO Partner,2
JP-2025-00248,2026-05-06,Amhara,North Wollo,Woreda-8,Land Dispute,Resolved,Female,45-59,NGO Partner,5
JP-2025-00249,2026-01-23,Oromia,Jimma,Woreda-4,Domestic,Pending,Male,60+,Justice Center B,5
JP-2025-00250,2025-07-05,Tigray,Mekelle,Woreda-10,Land Dispute,Resolved,Male,60+,NGO Partner,2
JP-2025-00251,2025-06-17,Amhara,South Gondar,Woreda-2,Domestic,Resolved,Female,18-24,NGO Partner,4
JP-2025-00252,2025-08-21,Amhara,North Wollo,Woreda-9,Human Rights,Resolved,Male,60+,Justice Center B,3
JP-2025-00253,2025-01-12,Tigray,Eastern Tigray,Woreda-5,Land Dispute,Resolved,Male,18-24,Justice Center B,3
JP-2025-00254,2025-02-02,Tigray,Mekelle,Woreda-2,Human Rights,Resolved,Female,25-34,Justice Center A,4
JP-2025-00255,2026-04-02,Oromia,East Shewa,Woreda-8,Human Rights,Resolved,Male,35-44,Justice Center A,2
JP-2025-00256,2025-07-21,Tigray,Mekelle,Woreda-12,Land Dispute,Pending,Male,35-44,Justice Center B,5
JP-2025-00257,2025-09-30,Oromia,East Shewa,Woreda-4,Land Dispute,Resolved,Male,35-44,Justice Center A,1
JP-2025-00258,2026-02-19,Amhara,South Gondar,Woreda-10,Land Dispute,Resolved,Male,18-24,NGO Partner,1
JP-2025-00259,2025-11-03,Oromia,Jimma,Woreda-4,Domestic,Resolved,Female,25-34,NGO Partner,2
JP-2025-00260,2025-03-13,Amhara,South Gondar,Woreda-4,Domestic,Resolved,Female,25-34,Justice Center B,2
JP-2025-00261,2025-09-24,Tigray,Mekelle,Woreda-7,Human Rights,Resolved,Male,45-59,NGO Partner,4
JP-2025-00262,2026-05-13,Amhara,South Gondar,Woreda-11,Domestic,Resolved,Female,45-59,Justice Center B,2
JP-2025-00263,2025-07-12,Oromia,Jimma,Woreda-9,Human Rights,Resolved,Male,35-44,NGO Partner,2
JP-2025-00264,2026-04-14,Oromia,Jimma,Woreda-9,Human Rights,Pending,Male,45-59,Justice Center A,3
JP-2025-00265,2025-06-19,Amhara,North Wollo,Woreda-8,Human Rights,Resolved,Male,18-24,Justice Center B,4
JP-2025-00266,2025-11-06,Tigray,Mekelle,Woreda-2,Land Dispute,Pending,Male,45-59,Justice Center A,3
JP-2025-00267,2026-05-05,Oromia,Jimma,Woreda-4,Land Dispute,Pending,Male,45-59,Justice Center A,5
JP-2025-00268,2025-04-15,Tigray,Eastern Tigray,Woreda-4,Domestic,Resolved,Female,45-59,Justice Center B,5
JP-2025-00269,2025-07-03,Tigray,Eastern Tigray,Woreda-5,Human Rights,Resolved,Female,45-59,Justice Center A,4
JP-2025-00270,2026-04-14,Oromia,Jimma,Woreda-6,Human Rights,Resolved,Male,25-34,Justice Center A,3
JP-2025-00271,2026-04-24,Tigray,Eastern Tigray,Woreda-5,Land Dispute,Resolved,Male,45-59,NGO Partner,2
JP-2025-00272,2025-10-09,Oromia,East Shewa,Woreda-5,Human Rights,Pending,Female,45-59,Justice Center A,3
JP-2025-00273,2025-03-13,Amhara,South Gondar,Woreda-3,Domestic,Pending,Male,60+,Justice Center A,1
JP-2025-00274,2025-01-25,Tigray,Mekelle,Woreda-7,Land Dispute,Pending,Male,18-24,NGO Partner,2
JP-2025-00275,2025-04-22,Amhara,South Gondar,Woreda-6,Land Dispute,Resolved,Female,45-59,Justice Center A,1
JP-2025-00276,2025-10-10,Tigray,Eastern Tigray,Woreda-1,Land Dispute,Resolved,Female,60+,Justice Center B,1
JP-2025-00277,2026-02-21,Tigray,Eastern Tigray,Woreda-3,Land Dispute,Pending,Male,25-34,Justice Center A,5
JP-2025-00278,2025-05-10,Tigray,Eastern Tigray,Woreda-5,Human Rights,Resolved,Female,45-59,NGO Partner,2
JP-2025-00279,2025-04-26,Tigray,Eastern Tigray,Woreda-11,Land Dispute,Resolved,Male,18-24,Justice Center B,4
JP-2025-00280,2025-10-10,Oromia,East Shewa,Woreda-1,Domestic,Resolved,Male,18-24,Justice Center B,4
JP-2025-00281,2026-02-06,Tigray,Eastern Tigray,Woreda-10,Land Dispute,Pending,Male,25-34,Justice Center A,5
JP-2025-00282,2025-05-19,Oromia,Jimma,Woreda-2,Domestic,Pending,Male,25-34,Justice Center B,1
JP-2025-00283,2025-10-28,Amhara,North Wollo,Woreda-12,Human Rights,Pending,Female,25-34,NGO Partner,2
JP-2025-00284,2026-03-04,Tigray,Eastern Tigray,Woreda-11,Domestic,Resolved,Male,18-24,NGO Partner,3
JP-2025-00285,2025-02-20,Amhara,South Gondar,Woreda-4,Land Dispute,Resolved,Female,35-44,Justice Center A,3
JP-2025-00286,2025-09-09,Oromia,Jimma,Woreda-6,Domestic,Pending,Female,25-34,NGO Partner,5
JP-2025-00287,2025-07-14,Tigray,Mekelle,Woreda-10,Human Rights,Pending,Male,18-24,Justice Center B,2
JP-2025-00288,2025-12-31,Oromia,Jimma,Woreda-12,Human Rights,Resolved,Male,18-24,Justice Center A,3
JP-2025-00289,2025-07-04,Oromia,East Shewa,Woreda-2,Land Dispute,Resolved,Female,45-59,NGO Partner,5
JP-2025-00290,2025-07-28,Tigray,Mekelle,Woreda-1,Land Dispute,Resolved,Male,60+,NGO Partner,3
JP-2025-00291,2025-01-07,Oromia,East Shewa,Woreda-7,Human Rights,Pending,Male,60+,NGO Partner,2
JP-2025-00292,2025-07-14,Tigray,Mekelle,Woreda-3,Human Rights,Resolved,Female,25-34,Justice Center A,2
JP-2025-00293,2025-05-22,Oromia,East Shewa,Woreda-5,Human Rights,Pending,Female,35-44,Justice Center A,4
JP-2025-00294,2025-11-12,Tigray,Mekelle,Woreda-8,Land Dispute,Resolved,Male,45-59,Justice Center B,5
JP-2025-00295,2026-02-16,Oromia,East Shewa,Woreda-8,Human Rights,Resolved,Male,35-44,Justice Center B,5
JP-2025-00296,2025-04-13,Tigray,Eastern Tigray,Woreda-6,Land Dispute,Pending,Female,35-44,NGO Partner,4
JP-2025-00297,2026-02-05,Tigray,Mekelle,Woreda-6,Human Rights,Resolved,Female,35-44,Justice Center A,5
JP-2025-00298,2025-10-31,Amhara,North Wollo,Woreda-11,Domestic,Resolved,Female,25-34,Justice Center B,3
JP-2025-00299,2025-02-05,Tigray,Eastern Tigray,Woreda-11,Human Rights,Resolved,Female,25-34,Justice Center B,2
JP-2025-00300,2025-08-05,Tigray,Eastern Tigray,Woreda-2,Human Rights,Pending,Female,60+,Justice Center B,5
JP-2025-00301,2026-04-18,Tigray,Eastern Tigray,Woreda-9,Land Dispute,Pending,Female,60+,NGO Partner,1
JP-2025-00302,2026-01-29,Amhara,North Wollo,Woreda-11,Domestic,Resolved,Male,60+,NGO Partner,4
JP-2025-00303,2026-05-10,Oromia,East Shewa,Woreda-2,Land Dispute,Resolved,Male,60+,NGO Partner,5
JP-2025-00304,2025-10-25,Tigray,Mekelle,Woreda-8,Human Rights,Resolved,Male,35-44,Justice Center A,4
JP-2025-00305,2025-06-01,Amhara,South Gondar,Woreda-2,Land Dispute,Pending,Male,35-44,Justice Center B,3
JP-2025-00306,2026-02-06,Oromia,Jimma,Woreda-9,Human Rights,Resolved,Male,45-59,NGO Partner,4
JP-2025-00307,2025-02-04,Oromia,East Shewa,Woreda-1,Domestic,Resolved,Female,18-24,NGO Partner,2
JP-2025-00308,2025-05-05,Tigray,Mekelle,Woreda-9,Land Dispute,Resolved,Female,45-59,Justice Center A,4
JP-2025-00309,2025-04-05,Tigray,Mekelle,Woreda-11,Domestic,Resolved,Male,60+,Justice Center A,4
JP-2025-00310,2025-08-08,Tigray,Eastern Tigray,Woreda-1,Domestic,Resolved,Female,18-24,NGO Partner,1
JP-2025-00311,2025-04-06,Tigray,Eastern Tigray,Woreda-6,Land Dispute,Resolved,Female,45-59,NGO Partner,3
JP-2025-00312,2025-07-18,Tigray,Eastern Tigray,Woreda-10,Land Dispute,Resolved,Female,60+,Justice Center A,3
JP-2025-00313,2025-10-30,Tigray,Mekelle,Woreda-11,Land Dispute,Resolved,Male,35-44,Justice Center A,2
JP-2025-00314,2025-12-22,Oromia,Jimma,Woreda-9,Human Rights,Resolved,Male,60+,Justice Center B,4
JP-2025-00315,2025-09-07,Amhara,North Wollo,Woreda-9,Land Dispute,Resolved,Male,25-34,Justice Center B,4
JP-2025-00316,2025-01-28,Tigray,Eastern Tigray,Woreda-1,Human Rights,Resolved,Female,60+,NGO Partner,4
JP-2025-00317,2025-12-17,Oromia,East Shewa,Woreda-7,Domestic,Pending,Female,25-34,Justice Center A,5
JP-2025-00318,2026-02-12,Amhara,North Wollo,Woreda-5,Land Dispute,Resolved,Female,25-34,Justice Center B,5
JP-2025-00319,2026-01-31,Tigray,Eastern Tigray,Woreda-9,Domestic,Resolved,Male,35-44,NGO Partner,3
JP-2025-00320,2026-02-26,Tigray,Mekelle,Woreda-12,Human Rights,Resolved,Female,18-24,NGO Partner,2
JP-2025-00321,2026-03-24,Oromia,Jimma,Woreda-8,Human Rights,Resolved,Male,45-59,Justice Center A,2
JP-2025-00322,2026-02-20,Amhara,South Gondar,Woreda-12,Domestic,Resolved,Male,60+,Justice Center A,2
JP-2025-00323,2026-02-17,Amhara,North Wollo,Woreda-10,Human Rights,Resolved,Male,35-44,NGO Partner,3
JP-2025-00324,2025-10-21,Oromia,East Shewa,Woreda-9,Domestic,Pending,Male,45-59,Justice Center A,3
JP-2025-00325,2025-03-06,Tigray,Mekelle,Woreda-4,Land Dispute,Resolved,Male,45-59,Justice Center B,2
JP-2025-00326,2025-11-20,Tigray,Eastern Tigray,Woreda-11,Human Rights,Resolved,Male,18-24,Justice Center B,5
JP-2025-00327,2025-05-23,Tigray,Eastern Tigray,Woreda-8,Human Rights,Resolved,Male,18-24,NGO Partner,4
JP-2025-00328,2025-12-07,Tigray,Eastern Tigray,Woreda-2,Domestic,Resolved,Female,25-34,Justice Center B,3
JP-2025-00329,2026-03-01,Oromia,East Shewa,Woreda-6,Domestic,Resolved,Female,35-44,NGO Partner,1
JP-2025-00330,2025-02-20,Amhara,South Gondar,Woreda-1,Land Dispute,Pending,Male,45-59,Justice Center B,1
JP-2025-00331,2025-04-14,Oromia,Jimma,Woreda-11,Human Rights,Resolved,Female,18-24,NGO Partner,3
JP-2025-00332,2025-02-12,Oromia,East Shewa,Woreda-11,Domestic,Resolved,Female,35-44,NGO Partner,2
JP-2025-00333,2025-12-02,Oromia,Jimma,Woreda-12,Land Dispute,Resolved,Female,18-24,Justice Center A,5
JP-2025-00334,2025-09-23,Amhara,South Gondar,Woreda-1,Land Dispute,Resolved,Male,45-59,NGO Partner,2
JP-2025-00335,2025-02-06,Oromia,Jimma,Woreda-7,Land Dispute,Resolved,Male,18-24,Justice Center B,3
JP-2025-00336,2025-03-12,Oromia,East Shewa,Woreda-3,Domestic,Pending,Male,18-24,NGO Partner,5
JP-2025-00337,2025-11-09,Amhara,North Wollo,Woreda-8,Human Rights,Resolved,Male,45-59,NGO Partner,4
JP-2025-00338,2025-02-14,Amhara,North Wollo,Woreda-3,Land Dispute,Resolved,Female,35-44,Justice Center B,3
JP-2025-00339,2025-05-07,Amhara,South Gondar,Woreda-11,Land Dispute,Resolved,Female,18-24,NGO Partner,3
JP-2025-00340,2025-09-23,Amhara,North Wollo,Woreda-12,Human Rights,Resolved,Male,25-34,Justice Center B,4
JP-2025-00341,2025-05-04,Amhara,South Gondar,Woreda-11,Domestic,Resolved,Male,35-44,Justice Center B,2
JP-2025-00342,2026-03-17,Oromia,East Shewa,Woreda-6,Domestic,Resolved,Female,18-24,Justice Center A,5
JP-2025-00343,2025-01-08,Amhara,South Gondar,Woreda-4,Land Dispute,Pending,Female,60+,Justice Center B,5
JP-2025-00344,2025-08-05,Oromia,East Shewa,Woreda-2,Domestic,Resolved,Male,35-44,Justice Center A,3
JP-2025-00345,2025-09-19,Amhara,North Wollo,Woreda-3,Domestic,Resolved,Male,35-44,NGO Partner,4
JP-2025-00346,2026-05-04,Tigray,Mekelle,Woreda-1,Land Dispute,Resolved,Female,18-24,Justice Center B,5
JP-2025-00347,2025-01-29,Tigray,Eastern Tigray,Woreda-11,Domestic,Resolved,Male,18-24,Justice Center A,2
JP-2025-00348,2025-01-06,Tigray,Mekelle,Woreda-8,Human Rights,Resolved,Female,25-34,Justice Center B,2
JP-2025-00349,2026-02-04,Tigray,Eastern Tigray,Woreda-12,Land Dispute,Pending,Male,35-44,Justice Center B,3
JP-2025-00350,2025-02-02,Tigray,Eastern Tigray,Woreda-12,Domestic,Resolved,Female,45-59,NGO Partner,3
JP-2025-00351,2025-09-13,Amhara,North Wollo,Woreda-6,Land Dispute,Resolved,Male,60+,NGO Partner,1
JP-2025-00352,2026-01-15,Amhara,North Wollo,Woreda-1,Land Dispute,Resolved,Female,35-44,Justice Center B,2
JP-2025-00353,2026-04-22,Amhara,North Wollo,Woreda-9,Domestic,Resolved,Female,25-34,Justice Center B,2
JP-2025-00354,2026-04-14,Oromia,East Shewa,Woreda-5,Land Dispute,Resolved,Male,60+,NGO Partner,1
JP-2025-00355,2025-04-25,Amhara,North Wollo,Woreda-7,Land Dispute,Pending,Female,35-44,Justice Center B,1
JP-2025-00356,2025-08-22,Tigray,Mekelle,Woreda-6,Land Dispute,Resolved,Female,60+,Justice Center A,4
JP-2025-00357,2025-10-30,Oromia,East Shewa,Woreda-4,Domestic,Pending,Male,25-34,Justice Center A,4
JP-2025-00358,2025-04-30,Amhara,South Gondar,Woreda-11,Domestic,Pending,Female,18-24,NGO Partner,4
JP-2025-00359,2026-01-08,Tigray,Eastern Tigray,Woreda-2,Land Dispute,Resolved,Male,45-59,Justice Center B,1
JP-2025-00360,2025-12-31,Amhara,South Gondar,Woreda-2,Land Dispute,Pending,Female,35-44,Justice Center B,1
JP-2025-00361,2025-02-18,Tigray,Mekelle,Woreda-11,Human Rights,Resolved,Male,45-59,NGO Partner,2
JP-2025-00362,2025-05-30,Amhara,South Gondar,Woreda-6,Human Rights,Resolved,Female,35-44,Justice Center B,3
JP-2025-00363,2025-02-08,Amhara,North Wollo,Woreda-3,Domestic,Resolved,Male,25-34,Justice Center B,4
JP-2025-00364,2025-07-28,Oromia,Jimma,Woreda-9,Human Rights,Pending,Male,45-59,Justice Center B,4
JP-2025-00365,2026-03-13,Oromia,Jimma,Woreda-2,Land Dispute,Pending,Female,60+,Justice Center A,2
JP-2025-00366,2025-03-17,Oromia,Jimma,Woreda-12,Land Dispute,Pending,Female,60+,Justice Center A,3
JP-2025-00367,2026-02-24,Oromia,Jimma,Woreda-1,Human Rights,Pending,Male,18-24,Justice Center B,1
JP-2025-00368,2025-03-04,Amhara,North Wollo,Woreda-1,Land Dispute,Resolved,Female,35-44,NGO Partner,1
JP-2025-00369,2025-10-28,Tigray,Eastern Tigray,Woreda-2,Land Dispute,Pending,Male,45-59,Justice Center A,1
JP-2025-00370,2025-03-04,Oromia,Jimma,Woreda-8,Land Dispute,Resolved,Female,45-59,Justice Center B,1
JP-2025-00371,2025-12-16,Oromia,East Shewa,Woreda-3,Human Rights,Resolved,Male,35-44,Justice Center B,4
JP-2025-00372,2025-01-18,Amhara,North Wollo,Woreda-11,Human Rights,Resolved,Female,18-24,Justice Center A,3
JP-2025-00373,2025-03-12,Oromia,East Shewa,Woreda-4,Domestic,Pending,Male,60+,Justice Center A,4
JP-2025-00374,2025-07-03,Tigray,Eastern Tigray,Woreda-9,Human Rights,Resolved,Female,45-59,Justice Center B,2
JP-2025-00375,2025-06-13,Amhara,North Wollo,Woreda-1,Human Rights,Resolved,Female,60+,Justice Center B,5
JP-2025-00376,2026-05-14,Amhara,North Wollo,Woreda-2,Land Dispute,Resolved,Female,60+,NGO Partner,1
JP-2025-00377,2025-10-22,Amhara,South Gondar,Woreda-6,Land Dispute,Resolved,Female,35-44,NGO Partner,1
JP-2025-00378,2025-12-25,Tigray,Eastern Tigray,Woreda-10,Domestic,Resolved,Male,45-59,NGO Partner,3
JP-2025-00379,2025-09-09,Amhara,North Wollo,Woreda-2,Land Dispute,Resolved,Male,18-24,NGO Partner,4
JP-2025-00380,2025-06-19,Amhara,North Wollo,Woreda-3,Human Rights,Resolved,Female,18-24,Justice Center A,2
JP-2025-00381,2025-12-27,Tigray,Mekelle,Woreda-2,Domestic,Pending,Male,35-44,NGO Partner,4
JP-2025-00382,2025-02-21,Tigray,Eastern Tigray,Woreda-5,Human Rights,Resolved,Male,45-59,NGO Partner,4
JP-2025-00383,2025-06-12,Tigray,Mekelle,Woreda-12,Domestic,Resolved,Female,25-34,NGO Partner,5
JP-2025-00384,2025-07-13,Amhara,South Gondar,Woreda-12,Domestic,Resolved,Male,18-24,NGO Partner,5
JP-2025-00385,2026-03-12,Oromia,Jimma,Woreda-3,Domestic,Resolved,Male,60+,Justice Center A,4
JP-2025-00386,2025-06-19,Amhara,North Wollo,Woreda-4,Human Rights,Pending,Male,18-24,NGO Partner,3
JP-2025-00387,2025-01-06,Oromia,East Shewa,Woreda-4,Land Dispute,Resolved,Female,35-44,Justice Center A,1
JP-2025-00388,2025-07-17,Amhara,South Gondar,Woreda-12,Human Rights,Pending,Female,45-59,Justice Center B,3
JP-2025-00389,2025-07-12,Tigray,Mekelle,Woreda-8,Domestic,Resolved,Male,25-34,Justice Center B,1
JP-2025-00390,2025-05-31,Amhara,North Wollo,Woreda-6,Human Rights,Pending,Male,35-44,Justice Center A,4
JP-2025-00391,2026-01-10,Amhara,North Wollo,Woreda-9,Land Dispute,Resolved,Female,18-24,Justice Center B,2
JP-2025-00392,2026-04-01,Tigray,Eastern Tigray,Woreda-3,Land Dispute,Resolved,Male,25-34,Justice Center B,5
JP-2025-00393,2026-04-19,Tigray,Eastern Tigray,Woreda-11,Human Rights,Resolved,Male,18-24,Justice Center B,5
JP-2025-00394,2026-03-07,Tigray,Eastern Tigray,Woreda-3,Land Dispute,Resolved,Female,18-24,Justice Center B,5
JP-2025-00395,2025-04-13,Oromia,Jimma,Woreda-1,Land Dispute,Resolved,Female,18-24,Justice Center B,1
JP-2025-00396,2026-02-06,Oromia,East Shewa,Woreda-8,Human Rights,Pending,Female,18-24,NGO Partner,5
JP-2025-00397,2025-04-05,Oromia,East Shewa,Woreda-7,Human Rights,Resolved,Male,35-44,Justice Center B,4
JP-2025-00398,2025-04-26,Oromia,East Shewa,Woreda-10,Land Dispute,Resolved,Male,18-24,NGO Partner,3
JP-2025-00399,2025-07-31,Tigray,Mekelle,Woreda-9,Land Dispute,Pending,Female,60+,NGO Partner,4
JP-2025-00400,2026-03-28,Tigray,Mekelle,Woreda-8,Human Rights,Resolved,Male,60+,NGO Partner,5
JP-2025-00401,2025-12-13,Tigray,Mekelle,Woreda-2,Human Rights,Resolved,Male,25-34,Justice Center A,2
JP-2025-00402,2025-08-05,Amhara,North Wollo,Woreda-11,Human Rights,Resolved,Male,60+,Justice Center B,3
JP-2025-00403,2026-04-14,Tigray,Mekelle,Woreda-2,Human Rights,Resolved,Female,35-44,NGO Partner,4
JP-2025-00404,2026-02-07,Amhara,South Gondar,Woreda-2,Human Rights,Resolved,Male,18-24,NGO Partner,1
JP-2025-00405,2026-03-21,Oromia,East Shewa,Woreda-7,Human Rights,Resolved,Female,60+,NGO Partner,4
JP-2025-00406,2025-03-30,Amhara,South Gondar,Woreda-7,Land Dispute,Resolved,Female,18-24,Justice Center B,3
JP-2025-00407,2025-05-02,Tigray,Mekelle,Woreda-12,Human Rights,Pending,Female,18-24,Justice Center B,3
JP-2025-00408,2025-05-24,Oromia,East Shewa,Woreda-12,Domestic,Resolved,Male,25-34,Justice Center B,4
JP-2025-00409,2025-05-18,Oromia,East Shewa,Woreda-10,Domestic,Resolved,Female,25-34,Justice Center B,4
JP-2025-00410,2026-03-21,Tigray,Eastern Tigray,Woreda-1,Domestic,Pending,Male,35-44,NGO Partner,5
JP-2025-00411,2025-03-11,Oromia,Jimma,Woreda-3,Land Dispute,Pending,Male,18-24,Justice Center A,1
JP-2025-00412,2025-01-26,Oromia,East Shewa,Woreda-12,Land Dispute,Resolved,Female,60+,Justice Center B,1
JP-2025-00413,2025-01-16,Tigray,Mekelle,Woreda-6,Human Rights,Resolved,Male,45-59,NGO Partner,5
JP-2025-00414,2025-06-26,Oromia,Jimma,Woreda-5,Domestic,Pending,Male,35-44,Justice Center A,4
JP-2025-00415,2025-03-25,Amhara,North Wollo,Woreda-4,Domestic,Resolved,Male,35-44,NGO Partner,4
JP-2025-00416,2025-01-11,Tigray,Mekelle,Woreda-8,Land Dispute,Resolved,Male,25-34,Justice Center B,5
JP-2025-00417,2025-12-31,Oromia,East Shewa,Woreda-7,Human Rights,Pending,Female,35-44,Justice Center A,4
JP-2025-00418,2025-12-13,Oromia,East Shewa,Woreda-10,Land Dispute,Resolved,Female,60+,NGO Partner,5
JP-2025-00419,2025-05-25,Tigray,Eastern Tigray,Woreda-11,Land Dispute,Resolved,Female,35-44,NGO Partner,3
JP-2025-00420,2025-05-14,Oromia,East Shewa,Woreda-4,Land Dispute,Resolved,Male,18-24,NGO Partner,4
JP-2025-00421,2025-06-13,Tigray,Mekelle,Woreda-12,Land Dispute,Resolved,Female,35-44,Justice Center B,4
JP-2025-00422,2026-01-13,Oromia,Jimma,Woreda-10,Domestic,Pending,Male,35-44,NGO Partner,2
JP-2025-00423,2025-10-01,Tigray,Eastern Tigray,Woreda-11,Human Rights,Resolved,Male,60+,Justice Center A,3
JP-2025-00424,2025-08-30,Amhara,North Wollo,Woreda-12,Human Rights,Resolved,Male,35-44,NGO Partner,1
JP-2025-00425,2025-07-01,Amhara,North Wollo,Woreda-12,Human Rights,Resolved,Female,35-44,Justice Center B,5
JP-2025-00426,2025-08-26,Oromia,Jimma,Woreda-8,Land Dispute,Pending,Male,45-59,Justice Center A,5
JP-2025-00427,2026-03-21,Amhara,South Gondar,Woreda-9,Human Rights,Resolved,Male,25-34,Justice Center A,3
JP-2025-00428,2025-10-19,Oromia,East Shewa,Woreda-3,Human Rights,Pending,Male,18-24,Justice Center B,3
JP-2025-00429,2025-04-01,Tigray,Eastern Tigray,Woreda-11,Land Dispute,Resolved,Female,25-34,Justice Center A,5
JP-2025-00430,2025-09-08,Amhara,North Wollo,Woreda-3,Domestic,Resolved,Female,45-59,Justice Center B,4
JP-2025-00431,2025-01-03,Oromia,Jimma,Woreda-9,Land Dispute,Resolved,Male,35-44,NGO Partner,2
JP-2025-00432,2025-12-13,Amhara,North Wollo,Woreda-11,Domestic,Resolved,Female,35-44,Justice Center A,1
JP-2025-00433,2025-09-15,Oromia,East Shewa,Woreda-3,Land Dispute,Pending,Female,35-44,Justice Center B,5
JP-2025-00434,2025-09-26,Tigray,Eastern Tigray,Woreda-7,Domestic,Pending,Female,45-59,Justice Center B,2
JP-2025-00435,2026-05-01,Amhara,South Gondar,Woreda-1,Land Dispute,Resolved,Male,25-34,NGO Partner,1
JP-2025-00436,2025-09-16,Tigray,Mekelle,Woreda-2,Human Rights,Resolved,Male,45-59,NGO Partner,3
JP-2025-00437,2025-11-16,Tigray,Mekelle,Woreda-10,Land Dispute,Resolved,Male,18-24,NGO Partner,1
JP-2025-00438,2025-08-16,Oromia,East Shewa,Woreda-2,Domestic,Resolved,Male,25-34,NGO Partner,1
JP-2025-00439,2025-08-04,Oromia,Jimma,Woreda-11,Domestic,Resolved,Male,45-59,Justice Center A,5
JP-2025-00440,2025-11-13,Tigray,Mekelle,Woreda-5,Land Dispute,Pending,Female,25-34,NGO Partner,2
JP-2025-00441,2026-03-02,Oromia,Jimma,Woreda-6,Domestic,Resolved,Male,18-24,NGO Partner,4
JP-2025-00442,2025-12-19,Amhara,South Gondar,Woreda-6,Land Dispute,Resolved,Male,18-24,NGO Partner,4
JP-2025-00443,2026-05-02,Amhara,North Wollo,Woreda-9,Land Dispute,Resolved,Male,35-44,NGO Partner,2
JP-2025-00444,2026-05-16,Oromia,East Shewa,Woreda-5,Human Rights,Resolved,Male,18-24,Justice Center B,3
JP-2025-00445,2025-06-10,Tigray,Eastern Tigray,Woreda-12,Land Dispute,Resolved,Male,18-24,Justice Center A,2
JP-2025-00446,2025-07-03,Oromia,East Shewa,Woreda-10,Human Rights,Pending,Male,35-44,Justice Center B,2
JP-2025-00447,2025-07-25,Amhara,South Gondar,Woreda-8,Human Rights,Pending,Female,45-59,NGO Partner,2
JP-2025-00448,2025-03-09,Amhara,North Wollo,Woreda-3,Land Dispute,Resolved,Female,60+,NGO Partner,4
JP-2025-00449,2025-11-09,Amhara,South Gondar,Woreda-6,Domestic,Resolved,Male,45-59,Justice Center B,1
JP-2025-00450,2025-08-14,Oromia,Jimma,Woreda-2,Human Rights,Resolved,Male,60+,NGO Partner,5
JP-2025-00451,2025-10-17,Tigray,Mekelle,Woreda-11,Human Rights,Resolved,Male,45-59,NGO Partner,2
JP-2025-00452,2025-06-27,Oromia,East Shewa,Woreda-3,Domestic,Pending,Male,18-24,NGO Partner,2
JP-2025-00453,2026-03-11,Tigray,Eastern Tigray,Woreda-8,Land Dispute,Resolved,Female,35-44,Justice Center A,3
JP-2025-00454,2025-01-26,Oromia,Jimma,Woreda-9,Domestic,Resolved,Male,18-24,Justice Center B,4
JP-2025-00455,2025-08-18,Tigray,Mekelle,Woreda-8,Human Rights,Resolved,Female,18-24,Justice Center A,4
JP-2025-00456,2025-01-19,Oromia,Jimma,Woreda-2,Domestic,Pending,Female,60+,NGO Partner,2
JP-2025-00457,2025-12-10,Tigray,Eastern Tigray,Woreda-6,Human Rights,Pending,Male,45-59,Justice Center B,5
JP-2025-00458,2025-11-04,Tigray,Eastern Tigray,Woreda-12,Domestic,Resolved,Female,18-24,Justice Center A,2
JP-2025-00459,2025-06-24,Amhara,South Gondar,Woreda-11,Human Rights,Resolved,Female,18-24,Justice Center A,2
JP-2025-00460,2025-03-13,Oromia,East Shewa,Woreda-2,Human Rights,Resolved,Male,18-24,Justice Center B,2
JP-2025-00461,2026-02-27,Oromia,Jimma,Woreda-12,Human Rights,Resolved,Female,18-24,NGO Partner,5
JP-2025-00462,2026-01-31,Amhara,South Gondar,Woreda-8,Domestic,Resolved,Male,45-59,Justice Center A,5
JP-2025-00463,2025-01-25,Tigray,Eastern Tigray,Woreda-10,Human Rights,Pending,Male,60+,Justice Center A,2
JP-2025-00464,2025-07-18,Amhara,South Gondar,Woreda-9,Human Rights,Resolved,Male,35-44,Justice Center B,3
JP-2025-00465,2025-08-20,Oromia,Jimma,Woreda-3,Human Rights,Resolved,Female,60+,Justice Center B,5
JP-2025-00466,2025-04-22,Tigray,Mekelle,Woreda-4,Domestic,Resolved,Female,25-34,NGO Partner,2
JP-2025-00467,2025-10-05,Tigray,Eastern Tigray,Woreda-12,Land Dispute,Pending,Female,60+,NGO Partner,4
JP-2025-00468,2026-01-18,Tigray,Eastern Tigray,Woreda-7,Land Dispute,Resolved,Male,45-59,Justice Center A,1
JP-2025-00469,2025-01-29,Tigray,Mekelle,Woreda-5,Land Dispute,Pending,Female,25-34,Justice Center A,3
JP-2025-00470,2026-01-21,Amhara,North Wollo,Woreda-6,Human Rights,Resolved,Male,60+,Justice Center B,2
JP-2025-00471,2026-02-06,Tigray,Eastern Tigray,Woreda-12,Domestic,Resolved,Female,45-59,Justice Center B,3
JP-2025-00472,2025-01-28,Tigray,Mekelle,Woreda-12,Human Rights,Resolved,Female,25-34,NGO Partner,3
JP-2025-00473,2025-10-07,Tigray,Mekelle,Woreda-12,Land Dispute,Resolved,Male,18-24,Justice Center A,2
JP-2025-00474,2025-09-21,Tigray,Mekelle,Woreda-7,Land Dispute,Resolved,Female,25-34,Justice Center A,5
JP-2025-00475,2025-01-03,Oromia,East Shewa,Woreda-8,Domestic,Pending,Male,25-34,Justice Center B,5
JP-2025-00476,2026-02-01,Amhara,South Gondar,Woreda-8,Domestic,Resolved,Male,35-44,NGO Partner,2
JP-2025-00477,2025-09-24,Amhara,North Wollo,Woreda-9,Land Dispute,Resolved,Female,18-24,Justice Center B,2
JP-2025-00478,2025-12-06,Amhara,South Gondar,Woreda-6,Human Rights,Resolved,Female,60+,NGO Partner,1
JP-2025-00479,2025-12-09,Amhara,South Gondar,Woreda-8,Land Dispute,Pending,Male,18-24,NGO Partner,3
JP-2025-00480,2026-04-14,Oromia,Jimma,Woreda-7,Human Rights,Resolved,Female,18-24,NGO Partner,3
JP-2025-00481,2026-02-16,Tigray,Eastern Tigray,Woreda-8,Land Dispute,Resolved,Male,35-44,NGO Partner,1
JP-2025-00482,2025-03-27,Amhara,North Wollo,Woreda-11,Land Dispute,Resolved,Male,45-59,Justice Center A,2
JP-2025-00483,2026-03-01,Tigray,Eastern Tigray,Woreda-11,Land Dispute,Resolved,Male,18-24,Justice Center B,3
JP-2025-00484,2025-02-14,Amhara,North Wollo,Woreda-1,Land Dispute,Pending,Male,60+,Justice Center A,3
JP-2025-00485,2025-07-18,Oromia,East Shewa,Woreda-11,Human Rights,Resolved,Male,45-59,NGO Partner,1
JP-2025-00486,2025-01-04,Tigray,Mekelle,Woreda-12,Domestic,Resolved,Male,35-44,NGO Partner,1
JP-2025-00487,2026-02-07,Oromia,East Shewa,Woreda-10,Land Dispute,Resolved,Female,45-59,Justice Center B,1
JP-2025-00488,2025-03-22,Oromia,Jimma,Woreda-3,Domestic,Resolved,Female,25-34,Justice Center B,3
JP-2025-00489,2025-10-11,Amhara,North Wollo,Woreda-2,Land Dispute,Resolved,Female,60+,NGO Partner,1
JP-2025-00490,2025-04-18,Oromia,East Shewa,Woreda-4,Human Rights,Pending,Male,25-34,Justice Center A,2
JP-2025-00491,2026-03-04,Tigray,Eastern Tigray,Woreda-4,Land Dispute,Resolved,Male,60+,Justice Center B,5
JP-2025-00492,2025-05-29,Amhara,North Wollo,Woreda-5,Land Dispute,Resolved,Female,35-44,Justice Center B,2
JP-2025-00493,2025-12-02,Tigray,Mekelle,Woreda-2,Human Rights,Resolved,Male,35-44,Justice Center B,4
JP-2025-00494,2025-11-12,Oromia,East Shewa,Woreda-12,Domestic,Resolved,Female,35-44,Justice Center B,2
JP-2025-00495,2025-06-10,Amhara,North Wollo,Woreda-4,Domestic,Resolved,Female,35-44,Justice Center B,2
JP-2025-00496,2026-01-11,Tigray,Eastern Tigray,Woreda-8,Human Rights,Resolved,Female,45-59,NGO Partner,1
JP-2025-00497,2025-11-27,Amhara,North Wollo,Woreda-5,Land Dispute,Pending,Male,35-44,NGO Partner,1
JP-2025-00498,2025-02-08,Tigray,Mekelle,Woreda-9,Domestic,Resolved,Female,60+,Justice Center A,1
JP-2025-00499,2025-05-14,Tigray,Eastern Tigray,Woreda-11,Land Dispute,Resolved,Male,60+,NGO Partner,3
JP-2025-00500,2025-08-26,Amhara,North Wollo,Woreda-7,Human Rights,Resolved,Male,60+,NGO Partner,2
